time,sex,country_code,age_group,activity_rate,employment,employment_pop_rate,informal_employment,informal_employment_rate,labor_force_pop,longterm_ue,NEETrate,unemployment,unemployment_rate,working_age_pop,Registered Jobseeker
2019,Male,MNE,15+,65.23,136.323,55.66,,,159.773,18.57,,23.45,14.68,244.935,11202
2018,Male,MNE,15+,64.28,133.179,54.48,,,157.134,18.089,,23.955,15.24,244.451,14600
2020,Male,MNE,15+,60.59,122.582,50,,,148.539,19.787,,25.957,17.48,245.162,15457
2019,Female,MNE,15+,49.91,107.469,42.08,,,127.474,16.353,,20.005,15.69,255.396,16343
2017,Male,MNE,15+,62.22,128.514,52.65,,,151.881,18.592,,23.367,15.38,244.112,17950
2018,Female,MNE,15+,48.09,104.248,40.82,,,122.818,14.293,,18.57,15.12,255.365,19434
2015,Male,MNE,15+,60.11,120.753,49.44,,,146.83,20.208,,26.077,17.76,244.265,19739
2016,Male,MNE,15+,61.79,123.293,50.52,,,150.81,21.19,,27.517,18.25,244.062,21017
2020,Female,MNE,15+,46.4,96.767,37.87,,,118.561,16.805,,21.794,18.38,255.515,21665
2015,Female,MNE,15+,47.64,100.948,39.4,,,122.076,16.43,,21.128,17.31,256.239,23214
2016,Female,MNE,15+,47.58,100.913,39.45,,,121.722,15.945,,20.809,17.1,255.817,26022
2017,Female,MNE,15+,47.46,100.774,39.41,,,121.35,15.663,,20.576,16.96,255.687,27007
2019,Total,MNE,15+,57.41,243.792,48.73,,,287.247,34.923,,43.455,15.13,500.33,27545
2019,Male,ALB,15+,67.93,702.194,60.06,414.157,59,794.2,58.713,,92.006,11.58,1169.103,33702
2018,Total,MNE,15+,56.01,237.427,47.5,,,279.952,32.382,,42.525,15.19,499.816,34034
2018,Male,ALB,15+,67.42,689.436,58.91,415.108,60.2,789.099,66.482,,99.664,12.63,1170.354,35535
2020,Total,MNE,15+,53.35,219.349,43.81,,,267.1,36.593,,47.752,17.88,500.677,37122
2019,Female,ALB,15+,52.87,562.476,46.89,302.974,53.9,634.249,46.586,,71.773,11.32,1199.549,37228
2018,Female,ALB,15+,51.32,539.522,45.22,296.011,54.9,612.28,51.365,,72.759,11.88,1193.017,39151
2017,Male,ALB,15+,66.52,677.134,56.92,413.576,61.1,791.433,74.036,,114.299,14.44,1189.694,42386
2015,Total,MNE,15+,53.73,221.701,44.3,,,268.906,36.637,,47.205,17.55,500.504,42953
2017,Total,MNE,15+,54.67,229.288,45.88,,,273.231,34.254,,43.942,16.08,499.798,44957
2016,Total,MNE,15+,54.52,224.206,44.85,,,272.532,37.135,,48.326,17.73,499.879,47039
2017,Female,ALB,15+,49.57,514.599,43.37,286.053,55.6,588.14,50.802,,73.541,12.5,1186.552,47394
2016,Male,ALB,15+,64.87,646.75,54.4,412.698,63.8,771.237,80.831,,124.487,16.14,1188.841,59790
2016,Female,ALB,15+,49.73,504.203,42.54,296.855,58.9,589.511,58.582,,85.307,14.47,1185.362,59920
2013,Male,ALB,15+,61.66,563.176,50.72,331.992,58.9,684.761,85.51,,121.585,17.76,1110.458,68952
2014,Male,ALB,15+,63.34,578.543,50.73,389.942,67.4,722.324,88.53,,143.782,19.91,1140.326,69531
2019,Total,ALB,15+,60.31,1264.67,53.39,717.131,56.7,1428.448,105.3,,163.779,11.47,2368.652,70930
2014,Female,ALB,15+,43.98,445.592,37.16,282.225,63.3,527.454,58.174,,81.863,15.52,1199.208,72467
2015,Male,ALB,15+,64.15,617.985,53.08,406.67,65.8,746.782,86.382,,128.797,17.25,1164.174,73184
2013,Female,ALB,15+,43.94,460.965,38.04,292.493,63.5,532.512,55.575,,71.547,13.44,1211.778,73696
2018,Total,ALB,15+,59.3,1228.957,52,711.119,57.9,1401.38,117.846,,172.422,12.3,2363.371,74686
2015,Female,ALB,15+,47.04,463.977,38.98,278.766,60.1,559.825,64.147,,95.848,17.12,1190.201,75964
2017,Total,ALB,15+,58.06,1191.733,50.15,699.629,58.7,1379.573,124.838,,187.84,13.62,2376.246,89780
2018,Total,MKD,15+,55.19,759.03,43.75,121.026,16.2,957.594,148.038,,198.563,20.74,1734.951,94721
2019,Total,MKD,15+,55.47,797.628,45.89,109.618,13.8,963.987,119.362,,166.359,17.26,1737.944,101748
2017,Total,MKD,15+,55.13,740.625,42.79,124.584,16.9,954.183,166.203,,213.558,22.38,1730.668,102394
2016,Total,MKD,15+,54.89,723.53,41.86,124.627,17.3,948.572,181.027,,225.043,23.72,1728.25,104523
2015,Total,MKD,15+,55.38,705.973,40.94,134.841,19.2,954.901,203.083,,248.928,26.07,1724.239,114979
2016,Total,ALB,15+,57.31,1150.953,48.48,709.553,61.6,1360.748,139.412,,209.795,15.42,2374.204,119710
2014,Total,ALB,15+,53.42,1024.134,43.78,672.167,65.6,1249.779,146.705,,225.645,18.05,2339.534,141998
2013,Total,ALB,15+,52.42,1024.141,44.1,624.485,61,1217.272,141.084,,193.132,15.87,2322.237,142648
2015,Total,ALB,15+,55.5,1081.962,45.96,685.436,63.4,1306.607,150.529,,224.645,17.19,2354.375,149148
2020,Total,MKD,15+,52.39,754.798,43.38,86.548,11.5,911.644,139.49,,156.846,17.2,1740.095,156432
2020,Total,BIH,15+,47.65,1173.075,40.09,167.695,14.3,1394.33,143.59,,221.255,15.87,2925.942,427593
2019,Total,BIH,15+,41.8,802.856,35.24,185.53,23.1,952.291,99.224,,149.435,15.69,2278.106,433438
2018,Total,BIH,15+,41.91,822.446,34.19,182.108,22.1,1007.902,139.744,,185.456,18.4,2405.195,475541
2017,Total,BIH,15+,42.29,815.659,33.61,202.477,24.8,1026.337,155.546,,210.678,20.53,2427.01,511571
2016,Total,BIH,15+,43.05,801.084,32.11,244.163,30.5,1073.955,213.53,,272.872,25.41,2494.443,539098
2015,Total,BIH,15+,43.89,821.512,31.74,247.528,30.1,1136.168,231.5,,314.656,27.69,2588.643,551167
2013,Total,BIH,15+,43.33,821.6,31.42,258.857,31.5,1133.09,243.835,,311.491,27.49,2614.99,555820
2014,Total,BIH,15+,43.43,812.031,31.48,237.746,29.3,1120.308,240.406,,308.277,27.52,2579.871,557314
2019,Female,BIH,15 - 24,29.61,23.917,18.37,5.207,21.8,38.537,5.974,21.7,14.621,37.94,130.165,
2019,Female,BIH,15 - 64,44.15,290.289,35.45,,,361.516,48.272,,71.226,19.7,818.781,
2019,Female,BIH,15+,32.78,308.072,26.63,74.807,24.3,379.298,48.272,,71.226,18.78,1156.929,
2019,Female,KOS,15 - 24,17.83,11.317,7.04,,,28.641,10.238,33.9,17.325,60.49,160.672,
2019,Female,KOS,15 - 64,20.62,79.981,13.31,,,123.93,29.394,,43.949,35.46,600.929,
2019,Female,KOS,15+,17.78,80.303,11.48,,,124.349,29.491,,44.046,35.42,699.356,
2019,Female,MKD,15 - 24,25.83,19.264,15.78,2.552,13.4,31.542,6.432,19.8,12.277,38.92,122.106,
2019,Female,MKD,15 - 64,54.84,316.564,44.66,,,388.71,48.543,,72.146,18.56,708.838,
2019,Female,MKD,15+,44.93,320.205,36.67,34.912,11,392.368,48.543,,72.163,18.39,873.215,
2019,Female,MNE,15 - 24,31.07,9.698,23.53,,,12.806,1.969,15.8,3.109,24.27,41.212,
2019,Female,MNE,15 - 64,59.1,105.1,49.7,,,125,16.1,,19.9,15.9,211.4,
2019,Female,SRB,15 - 24,22.68,55.175,15.89,12.293,22.3,78.749,8.975,16.2,23.574,29.94,347.255,
2019,Female,SRB,15 - 64,61.31,1222.6,54.24,,,1382.129,91.948,,159.529,11.54,2254.25,
2019,Female,SRB,15+,47.1,1284.013,41.88,243.806,19,1443.951,92.176,,159.938,11.08,3065.921,
2019,Male,ALB,15 - 24,43.21,69.166,31.21,45.356,65.6,95.75,13.376,26.2,26.583,27.76,221.588,
2019,Male,ALB,15 - 64,77.55,663.979,68.14,,,755.638,58.431,,91.658,12.13,974.424,
2019,Male,BIH,15 - 24,39.12,43.538,26.89,10.454,24,63.345,10.277,20.8,19.807,31.27,161.94,
2019,Male,BIH,15 - 64,65.41,470.255,56.11,,,548.205,50.822,,77.95,14.22,838.052,
2019,Male,BIH,15+,51.11,494.784,44.13,110.723,22.4,572.993,50.951,,78.208,13.65,1121.178,
2019,Male,KOS,15 - 24,33,32.667,18.3,,,58.903,13.536,31.4,26.236,44.54,178.489,
2019,Male,KOS,15 - 64,58.88,275.082,45.4,,,356.734,50.681,,81.651,22.89,605.877,
2019,Male,KOS,15+,51.85,277.66,40.06,,,359.353,50.723,,81.693,22.73,693.047,
2019,Male,MKD,15 - 24,38.13,33.047,25.38,8.831,26.9,49.65,11.65,17.8,16.603,33.44,130.211,
2019,Male,MKD,15 - 64,77.3,471.63,64.43,,,565.814,70.807,,94.183,16.65,731.95,
2019,Male,MKD,15+,66.1,477.423,55.21,74.706,15.7,571.619,70.82,,94.196,16.48,864.729,
2019,Male,MNE,15 - 24,41.61,13.704,30.87,,,18.473,2.554,18.8,4.769,25.81,44.396,
2019,Male,MNE,15 - 64,73.3,132.2,62.3,,,155.5,18,,23.3,15,212.2,
2019,Male,SRB,15 - 24,36.19,98.619,26.74,27.479,27.9,133.456,14.388,15.2,34.837,26.1,368.748,
2019,Male,SRB,15 - 64,74.92,1509.839,67.11,,,1685.563,103.693,,175.724,10.43,2249.834,
2019,Male,SRB,15+,62.72,1615.951,56.54,297.909,18.4,1792.429,104.078,,176.477,9.85,2858.004,
2019,Total,ALB,15 - 24,36.59,118.685,26.72,74.518,62.8,162.532,19.576,25.8,43.847,26.98,444.173,
2019,Total,ALB,15 - 64,69.47,1202.407,61.17,,,1365.553,104.975,,163.146,11.95,1965.788,
2019,Total,BIH,15 - 24,34.88,67.454,23.09,15.662,23.2,101.882,16.252,21.2,34.428,33.79,292.105,
2019,Total,BIH,15 - 64,54.91,760.544,45.9,,,909.72,99.094,,149.176,16.4,1656.833,
2019,Total,KOS,15 - 24,25.81,43.983,12.97,,,87.544,23.774,32.6,43.561,49.76,339.161,
2019,Total,KOS,15 - 64,39.83,355.064,29.42,,,480.664,80.074,,125.6,26.13,1206.806,
2019,Total,KOS,15+,34.74,357.962,25.71,,,483.702,80.214,,125.739,26,1392.403,
2019,Total,MKD,15 - 24,32.18,52.311,20.73,11.383,21.9,81.191,18.082,18.8,28.88,35.57,252.317,
2019,Total,MKD,15 - 64,66.25,788.194,54.71,,,954.524,119.35,,166.329,17.43,1440.787,
2019,Total,MNE,15 - 24,36.54,23.402,27.34,,,31.279,4.523,17.3,7.877,25.18,85.608,
2019,Total,MNE,15 - 64,66.2,237.3,56,,,280.5,34,,43.2,15.4,423.6,
2019,Total,SRB,15 - 24,29.64,153.794,21.48,39.772,25.9,212.205,23.363,15.7,58.411,27.53,716.003,
2019,Total,SRB,15 - 64,68.11,2732.439,60.67,,,3067.691,195.641,,335.252,10.93,4504.083,
2019,Total,SRB,15+,54.63,2899.964,48.95,541.716,18.7,3236.38,196.254,,336.415,10.39,5923.924,
2020,Female,BIH,15 - 24,27.63,32.058,15.82,5.795,18.1,55.998,11.043,23.3,23.94,42.75,202.666,
2020,Female,BIH,15 - 64,46.05,435.971,37.31,,,538.155,68.207,,102.184,18.99,1168.625,
2020,Female,BIH,15+,36.71,449.765,29.9,75.515,16.8,552.106,68.259,,102.341,18.54,1503.985,
2020,Female,KOS,15 - 24,14.91,10.218,6.33,,,24.078,8.8,33.1,13.859,57.56,161.478,
2020,Female,KOS,15 - 64,20.63,85.168,13.89,,,126.512,29.634,,41.344,32.68,613.219,
2020,Female,KOS,15+,17.84,85.65,12.02,,,127.14,29.707,,41.49,32.63,712.729,
2020,Female,MKD,15 - 24,22.68,16.187,13.61,1.691,10.4,26.973,8.751,20.5,10.786,39.99,118.946,
2020,Female,MKD,15 - 64,51.39,300.818,42.63,,,362.651,53.887,,61.832,17.05,705.685,
2020,Female,MKD,15+,41.81,303.707,34.73,26.41,8.7,365.539,53.887,,61.832,16.92,874.378,
2020,Female,MNE,15 - 24,24.85,6.163,14.98,,,10.224,2.142,20.6,4.06,39.72,41.144,
2020,Female,MNE,15 - 64,54.7,94,44.4,,,115.7,16.7,,21.8,18.8,211.5,
2020,Female,SRB,15 - 24,21.1,50.898,14.87,9.332,18.3,72.182,7.458,15.1,21.285,29.49,342.177,
2020,Female,SRB,15 - 64,60.82,1218.809,54.82,,,1352.159,73.159,,133.35,9.86,2223.205,
2020,Female,SRB,15+,46.51,1285.129,42.13,229.803,17.9,1418.65,73.28,,133.521,9.41,3050.235,
2020,Male,BIH,15 - 24,38.45,55.418,25.97,6.176,11.1,82.056,14.516,20.4,26.638,32.46,213.39,
2020,Male,BIH,15 - 64,70.36,707.647,60.25,,,826.407,75.182,,118.76,14.37,1174.547,
2020,Male,BIH,15+,59.23,723.31,50.87,92.18,12.7,842.224,75.331,,118.914,14.12,1421.957,
2020,Male,KOS,15 - 24,28.95,27.398,15.66,,,50.648,14.173,34.2,23.25,45.91,174.935,
2020,Male,KOS,15 - 64,55.08,255.125,41.9,,,335.397,58.227,,80.273,23.93,608.885,
2020,Male,KOS,15+,48.25,258.254,36.8,,,338.652,58.328,,80.398,23.74,701.862,
2020,Male,MKD,15 - 24,36.74,30.157,23.79,6.479,21.5,46.57,14.381,20.7,16.413,35.24,126.752,
2020,Male,MKD,15 - 64,73.95,443.856,60.91,,,538.869,85.601,,95.014,17.63,728.713,
2020,Male,MKD,15+,63.08,451.092,52.11,60.138,13.3,546.105,85.601,,95.014,17.4,865.717,
2020,Male,MNE,15 - 24,36.42,10.736,24.19,,,16.162,2.735,21.5,5.426,33.58,44.377,
2020,Male,MNE,15 - 64,68.3,119.2,56.1,,,145.3,18.9,,25.8,17.8,212.6,
2020,Male,SRB,15 - 24,35.08,95.504,26.3,25.783,27,127.41,12.132,17.2,31.907,25.04,363.163,
2020,Male,SRB,15 - 64,74.56,1504.263,67.7,,,1656.755,83.437,,152.492,9.2,2221.929,
2020,Male,SRB,15+,61.94,1608.56,56.56,261.805,16.3,1761.605,83.679,,153.044,8.69,2843.936,
2020,Total,ALB,15 - 64,,1180.644,,,,1344.704,,,164.059,,1947.069,
2020,Total,BIH,15 - 24,33.18,87.476,21.03,11.972,13.7,138.054,25.559,21.8,50.578,36.64,416.056,
2020,Total,BIH,15 - 64,58.24,1143.618,48.81,,,1364.562,143.39,,220.944,16.19,2343.172,
2020,Total,KOS,15 - 24,22.21,37.616,11.18,,,74.726,22.973,33.7,37.109,49.66,336.413,
2020,Total,KOS,15 - 64,37.8,340.293,27.84,,,461.91,87.862,,121.617,26.33,1222.104,
2020,Total,KOS,15+,32.93,343.904,24.31,,,465.792,88.036,,121.888,26.17,1414.59,
2020,Total,MKD,15 - 24,29.93,46.344,18.86,8.17,17.6,73.543,23.132,20.6,27.199,36.98,245.699,
2020,Total,MKD,15 - 64,62.85,744.674,51.92,,,901.52,139.49,,156.846,17.4,1434.398,
2020,Total,MNE,15 - 24,30.85,16.899,19.76,,,26.386,4.877,21.1,9.487,35.95,85.521,
2020,Total,MNE,15 - 64,61.5,213.2,50.3,,,261,35.6,,47.7,18.3,424,
2020,Total,SRB,15 - 24,28.3,146.401,20.76,35.115,24,199.593,19.591,16.2,53.191,26.65,705.339,
2020,Total,SRB,15 - 64,67.69,2723.072,61.26,,,3008.914,156.595,,285.841,9.5,4445.134,
2020,Total,SRB,15+,53.96,2893.69,49.09,491.608,17,3180.255,156.958,,286.565,9.01,5894.17,
2013,Female,ALB,15 - 24,19.36,38.56,14.12,30.773,79.8,52.87,8.384,32,14.31,27.07,273.154,
2013,Female,ALB,15 - 64,50.01,449.839,43.15,,,521.386,55.575,,71.547,13.72,1042.523,
2013,Female,BIH,15 - 24,19.33,15.908,7.89,4.696,29.5,38.985,14.392,24.3,23.077,59.2,201.643,
2013,Female,BIH,15 - 64,40.83,298.498,28.76,,,423.819,98.701,,125.321,29.57,1037.947,
2013,Female,BIH,15+,32.32,306.515,22.94,88.041,28.7,431.836,98.701,,125.321,29.02,1336.239,
2013,Female,KOS,15 - 24,,,,,,24.5,,,,,,
2013,Female,KOS,15 - 64,,,,,,125.9,,,,,,
2013,Female,KOS,15+,21.1,,,,,126,,,,,,
2013,Female,MKD,15 - 24,27.06,19.081,13.26,7.586,41.8,38.924,13.149,25.9,19.843,50.98,143.861,
2013,Female,MKD,15 - 64,52.68,268.746,37.29,,,379.604,90.758,,110.858,29.2,720.621,
2013,Female,MKD,15+,44.49,271.3,31.58,56.568,21.1,382.222,90.822,,110.922,29.02,859.062,
2013,Female,MNE,15 - 24,19.92,5.114,12.18,,,8.36,1.755,16.3,3.246,38.83,41.97,
2013,Female,MNE,15 - 64,52.4,90.5,42.5,,,111.5,,,19.9,18.9,212.8,
2013,Female,MNE,15+,43.68,90.919,35.41,,,112.149,17.096,,21.23,18.93,256.739,
2013,Female,SRB,15 - 24,22.74,35.058,9.67,12.195,34.8,82.43,28,19.8,47.372,57.47,362.443,
2013,Female,SRB,15 - 64,53.23,933.466,40.09,,,1239.486,234.726,,306.021,24.69,2328.559,
2013,Female,SRB,15+,40.45,978.107,30.8,226.749,23.2,1284.285,234.726,,306.178,23.84,3175.322,
2013,Male,ALB,15 - 24,36.52,60.761,24.23,45.867,75.5,91.57,19.343,29.8,30.809,33.65,250.761,
2013,Male,ALB,15 - 64,70.18,540.393,57.34,,,661.37,85.016,,120.977,18.29,942.438,
2013,Male,BIH,15 - 24,36.08,32.827,14.76,14.46,44,80.227,30.728,27.6,47.4,59.08,222.34,
2013,Male,BIH,15 - 64,65.07,501.712,47.48,,,687.602,144.97,,185.89,27.03,1056.646,
2013,Male,BIH,15+,54.84,515.085,40.28,170.816,33.2,701.255,145.135,,186.169,26.55,1278.751,
2013,Male,KOS,15 - 24,,,,,,55.8,,,,,,
2013,Male,KOS,15 - 64,,,,,,356.8,,,,,,
2013,Male,KOS,15+,61.2,,,,,357.1,,,,,,
2013,Male,MKD,15 - 24,39.87,28.845,18.94,11.75,41.1,60.736,22.957,23.5,31.891,52.51,152.335,
2013,Male,MKD,15 - 64,76.82,404.256,54.47,,,570.144,136.867,,165.888,29.1,742.156,
2013,Male,MKD,15+,67.28,407.521,47.78,93.563,23,573.811,137.269,,166.29,28.98,852.87,
2013,Male,MNE,15 - 24,26.31,6.629,14.78,,,11.8,3.424,19.3,5.171,43.82,44.85,
2013,Male,MNE,15 - 64,64.9,109.4,51.7,,,137.3,22.4,,27.8,20.2,211.5,
2013,Male,MNE,15+,56.85,111.007,45.42,,,138.956,23.718,,27.95,20.11,244.418,
2013,Male,SRB,15 - 24,34.03,76.379,18.85,30.304,39.7,137.875,35.712,19.8,61.496,44.6,405.113,
2013,Male,SRB,15 - 64,70.17,1264.734,54.94,,,1615.228,264.575,,350.493,21.7,2301.923,
2013,Male,SRB,15+,57.11,1332.611,45.19,300.16,22.5,1684.022,265.492,,351.411,20.87,2948.645,
2013,Total,ALB,15 - 24,27.57,99.322,18.96,76.64,77.2,144.441,27.728,31,45.119,31.24,523.916,
2013,Total,ALB,15 - 64,59.59,990.232,49.89,,,1182.756,140.591,,192.524,16.28,1984.961,
2013,Total,BIH,15 - 24,28.12,48.735,11.49,19.156,39.3,119.212,45.119,26,70.477,59.12,423.983,
2013,Total,BIH,15 - 64,53.06,800.209,38.2,,,1111.42,243.67,,311.211,28,2094.593,
2013,Total,KOS,15 - 24,,,,,,80.3,,,,,,
2013,Total,KOS,15 - 64,,,,,,482.74,,,,,,
2013,Total,KOS,15+,40.5,,,,,483.1,,,,,,
2013,Total,MKD,15 - 24,33.65,47.926,16.18,19.337,41.4,99.66,36.106,24.6,51.734,51.91,296.197,
2013,Total,MKD,15 - 64,64.93,673.002,46.01,,,949.748,227.624,,276.746,29.14,1462.777,
2013,Total,MKD,15+,55.85,678.82,39.65,150.131,22.2,956.033,228.091,,277.213,29,1711.932,
2013,Total,MNE,15 - 24,23.22,11.743,13.53,,,20.16,5.178,17.9,8.417,41.75,86.82,
2013,Total,MNE,15 - 64,58.6,199.9,47.1,,,248.7,40.2,,48.8,19.6,424.2,
2013,Total,MNE,15+,50.11,201.926,40.29,,,251.105,40.814,,49.179,19.59,501.157,
2013,Total,SRB,15 - 24,28.7,111.437,14.52,42.498,38.1,220.306,63.712,19.8,108.868,49.42,767.556,
2013,Total,SRB,15 - 64,61.65,2198.2,47.47,,,2854.714,499.302,,656.514,23,4630.482,
2013,Total,SRB,15+,48.47,2310.718,37.73,526.909,22.8,2968.307,500.219,,657.589,22.15,6123.967,
2014,Female,ALB,15 - 24,20.33,33.406,13.66,21.356,63.9,49.721,8.314,32.6,16.315,32.81,244.556,
2014,Female,ALB,15 - 64,50.84,435.405,42.8,,,517.192,58.098,,81.787,15.81,1017.308,
2014,Female,BIH,15 - 24,23.21,15.149,8.03,6.058,40,43.793,15.424,24.4,28.644,65.41,188.688,
2014,Female,BIH,15 - 64,42.26,291.676,28.83,,,427.49,104.123,,135.814,31.77,1011.597,
2014,Female,BIH,15+,32.94,301.037,22.67,80.569,26.8,437.339,104.495,,136.302,31.17,1327.657,
2014,Female,KOS,15 - 24,14.8,7.177,4.18,,,25.389,9.873,,18.213,71.74,171.593,
2014,Female,KOS,15 - 64,21.42,75.285,12.51,,,128.977,40.579,,53.691,41.63,602.009,
2014,Female,KOS,15+,19.03,75.594,11.12,,,129.295,40.579,,,,679.578,
2014,Female,MKD,15 - 24,25.12,15.963,11.31,6.216,40,35.459,12.12,27.2,19.497,54.98,141.144,
2014,Female,MKD,15 - 64,52.46,269.066,37.4,,,377.443,89.984,,108.377,28.71,719.518,
2014,Female,MKD,15+,44,270.592,31.41,58.634,21.9,379.083,90.098,,108.491,28.62,861.545,
2014,Female,MNE,15 - 24,24.49,6.775,15.79,,,10.507,2.038,16.4,3.732,35.52,42.911,
2014,Female,MNE,15 - 64,55.4,95.9,45.3,,,117.4,16.8,,21.5,18.4,211.7,
2014,Female,MNE,15+,46.23,96.9,37.79,,,118.529,17.079,,21.628,18.25,256.385,
2014,Female,SRB,15 - 24,21.28,41.647,10.64,17.387,41.7,83.274,18.889,20.5,41.627,49.99,391.329,
2014,Female,SRB,15 - 64,55.35,1058.465,43.72,,,1340.123,192.331,,281.658,21.02,2421.074,
2014,Female,SRB,15+,43.82,1102.011,34.9,275.039,25,1383.973,192.52,,281.962,20.37,3158.032,
2014,Male,ALB,15 - 24,37.37,52.82,21.07,42.667,80.8,93.676,22.932,30.2,40.856,43.61,250.641,
2014,Male,ALB,15 - 64,72.03,558.238,57.31,,,701.605,88.253,,143.366,20.43,974.111,
2014,Male,BIH,15 - 24,34.2,28.069,13.34,9.694,34.5,71.943,29.024,27.9,43.874,60.98,210.35,
2014,Male,BIH,15 - 64,65.23,495.744,48.46,,,667.319,135.512,,171.575,25.71,1023.024,
2014,Male,BIH,15+,54.54,510.994,40.81,157.177,30.8,682.969,135.911,,171.976,25.18,1252.214,
2014,Male,KOS,15 - 24,30.61,25.046,13.4,,,57.23,18.482,,32.183,56.23,186.952,
2014,Male,KOS,15 - 64,61.83,248.223,41.34,,,371.276,89.807,,123.053,33.14,600.482,
2014,Male,KOS,15+,55.52,250.126,37.18,,,373.472,89.807,,,,672.697,
2014,Male,MKD,15 - 24,39.28,28.553,18.86,13.48,47.9,59.452,21.74,24.3,30.9,51.97,151.365,
2014,Male,MKD,15 - 64,77.73,416.351,56.14,,,576.43,133.379,,160.079,27.77,741.617,
2014,Male,MKD,15+,67.96,419.579,49.17,133.927,32.1,579.892,133.569,,160.312,27.65,853.241,
2014,Male,MNE,15 - 24,33.69,9.827,21.54,,,15.365,3.449,18.9,5.538,36.04,45.611,
2014,Male,MNE,15 - 64,67.7,117.4,55.5,,,143.2,20,,25.7,18,211.4,
2014,Male,MNE,15+,59.53,119.357,48.88,,,145.374,20.568,,26.017,17.9,244.209,
2014,Male,SRB,15 - 24,35.26,78.479,19,33.912,43.2,145.657,36.9,21.5,67.178,46.12,413.059,
2014,Male,SRB,15 - 64,71.32,1386.807,57.73,,,1713.333,214.704,,326.526,19.06,2402.325,
2014,Male,SRB,15+,60.66,1456.99,49.54,353.853,24.3,1784.026,214.925,,327.036,18.33,2941.139,
2014,Total,ALB,15 - 24,28.96,86.226,17.41,64.023,74.3,143.397,31.247,31.4,57.171,39.87,495.198,
2014,Total,ALB,15 - 64,61.2,993.644,49.9,,,1218.797,146.352,,225.153,18.47,1991.419,
2014,Total,BIH,15 - 24,29,43.217,10.83,15.752,36.4,115.736,44.447,26.2,72.519,62.66,399.038,
2014,Total,BIH,15 - 64,53.81,787.419,38.7,,,1094.809,239.635,,307.39,28.08,2034.621,
2014,Total,KOS,15 - 24,23.04,32.223,8.99,,,82.619,28.355,,50.396,61,358.545,
2014,Total,KOS,15 - 64,41.6,323.508,26.9,,,500.252,130.386,,176.744,35.33,1202.491,
2014,Total,KOS,15+,37.18,325.72,24.09,,,502.766,130.386,,,,1352.275,
2014,Total,MKD,15 - 24,32.45,44.516,15.22,19.696,45.1,94.912,33.86,25.7,50.396,53.1,292.51,
2014,Total,MKD,15 - 64,65.28,685.417,46.91,,,953.873,223.363,,268.456,28.14,1461.134,
2014,Total,MKD,15+,55.92,690.172,40.25,192.56,28.1,958.975,223.667,,268.803,28.03,1714.786,
2014,Total,MNE,15 - 24,29.23,16.602,18.75,,,25.872,5.487,17.7,9.27,35.83,88.523,
2014,Total,MNE,15 - 64,61.6,213.2,50.4,,,260.5,36.7,,47.3,18.2,423.2,
2014,Total,MNE,15+,52.72,216.257,43.2,,,263.903,37.648,,47.646,18.05,500.594,
2014,Total,SRB,15 - 24,28.46,120.126,14.93,51.3,42.7,228.931,55.789,21,108.805,47.53,804.388,
2014,Total,SRB,15 - 64,63.31,2445.272,50.7,,,3053.456,407.035,,608.184,19.92,4823.399,
2014,Total,SRB,15+,51.94,2559.002,41.96,628.892,24.6,3167.999,407.446,,608.997,19.22,6099.171,
2015,Female,ALB,15 - 24,22.64,30.91,13.4,15.046,48.7,52.231,9.699,31.3,21.321,40.82,230.692,
2015,Female,ALB,15 - 64,54.83,454.021,45.27,,,549.87,64.147,,95.848,17.43,1002.871,
2015,Female,BIH,15 - 24,24.47,14.822,7.99,4.449,30,45.389,16.901,26.4,30.567,67.34,185.513,
2015,Female,BIH,15 - 64,42.78,297.363,29.38,,,433.009,100.236,,135.645,31.33,1012.126,
2015,Female,BIH,15+,33.42,306.56,23.16,84.231,27.5,442.329,100.236,,135.769,30.69,1323.444,
2015,Female,KOS,15 - 24,11.41,6.054,3.7,,,18.473,,,12.419,67.2,161.969,
2015,Female,KOS,15 - 64,18.15,66.982,11.51,,,105.597,,,38.613,36.57,581.886,
2015,Female,KOS,15+,16,67.273,10.17,,,105.597,,,,,661.691,
2015,Female,MKD,15 - 24,25.15,19.469,14.25,5.543,28.6,34.362,8.539,25.1,14.893,43.34,136.638,
2015,Female,MKD,15 - 64,51.97,278.664,38.82,,,373.003,75.567,,94.339,25.29,717.745,
2015,Female,MKD,15+,43.46,282.071,32.57,48.551,17.3,376.41,75.567,,94.339,25.06,866.125,
2015,Female,MNE,15 - 24,26.98,7.375,17.68,,,11.255,2.14,18.3,3.881,34.48,41.717,
2015,Female,MNE,15 - 64,56.9,99.1,46.9,,,120.2,15.1,,21.1,17.6,210.9,
2015,Female,SRB,15 - 24,22.63,44.449,11.72,18.15,40.8,85.815,20.186,20.1,41.366,48.2,379.125,
2015,Female,SRB,15 - 64,55.61,1070.384,44.89,,,1325.873,166.655,,255.489,19.27,2384.26,
2015,Female,SRB,15+,43.46,1107.904,35.31,265.058,23.9,1363.753,166.817,,255.85,18.76,3137.612,
2015,Male,ALB,15 - 24,39.15,60.201,23.67,43.214,71.8,99.562,22.776,28.5,39.362,39.53,254.289,
2015,Male,ALB,15 - 64,73.22,597.416,60.27,,,725.847,86.095,,128.431,17.69,991.259,
2015,Male,BIH,15 - 24,38.84,33.063,15.72,11.077,33.5,81.688,28.778,29.7,48.625,59.53,210.328,
2015,Male,BIH,15 - 64,65.81,501.365,48.53,,,679.854,131.141,,178.489,26.25,1033.114,
2015,Male,BIH,15+,54.84,514.952,40.7,163.297,31.7,693.839,131.264,,178.887,25.78,1265.2,
2015,Male,KOS,15 - 24,28.09,23.2,12.9,,,50.7,,,27.5,54.2,180.503,
2015,Male,KOS,15 - 64,56.73,229.957,38.7,,,337.12,,,107.161,31.79,594.263,
2015,Male,KOS,15+,50.6,231.519,34.71,,,337.119,,,,,667.057,
2015,Male,MKD,15 - 24,40.1,29.241,20.17,11.8,40.5,58.138,20.867,24.8,28.897,49.7,144.996,
2015,Male,MKD,15 - 64,77.46,418.503,56.57,,,573.091,127.516,,154.589,26.97,739.844,
2015,Male,MKD,15+,67.41,423.903,49.4,86.29,20.4,578.491,127.516,,154.589,26.72,858.114,
2015,Male,MNE,15 - 24,33.18,8.885,19.93,,,14.792,3.656,20,5.907,39.93,44.589,
2015,Male,MNE,15 - 64,68.3,117.9,56,,,143.9,19.9,,26,18,210.8,
2015,Male,SRB,15 - 24,35.43,85.054,21.22,40.54,47.7,142.031,28.008,20.6,56.978,40.12,400.838,
2015,Male,SRB,15 - 64,71.6,1400.37,59.12,,,1695.961,186.063,,295.591,17.43,2368.582,
2015,Male,SRB,15+,60.31,1466.255,50.17,340.189,23.2,1762.492,186.543,,296.237,16.81,2922.31,
2015,Total,ALB,15 - 24,31.3,91.111,18.79,58.261,63.9,151.793,32.476,29.8,60.683,39.98,484.981,
2015,Total,ALB,15 - 64,63.97,1051.438,52.73,,,1275.716,150.242,,224.279,17.58,1994.13,
2015,Total,BIH,15 - 24,32.1,47.885,12.1,15.526,32.4,127.077,45.678,28.1,79.192,62.32,395.841,
2015,Total,BIH,15 - 64,54.41,798.728,39.05,,,1112.863,231.377,,314.134,28.23,2045.24,
2015,Total,KOS,15 - 24,20.2,29.254,8.5,,,69.173,,,39.919,57.7,342.472,
2015,Total,KOS,15 - 64,37.64,296.939,25.25,,,442.717,,,145.775,32.93,1176.149,
2015,Total,KOS,15+,33.35,298.792,22.49,,,442.716,,,,,1328.748,
2015,Total,MKD,15 - 24,32.84,48.71,17.3,17.344,35.7,92.5,29.407,24.9,43.79,47.34,281.634,
2015,Total,MKD,15 - 64,64.91,697.167,47.83,,,946.094,203.083,,248.928,26.31,1457.589,
2015,Total,MNE,15 - 24,30.18,16.26,18.84,,,26.048,5.795,19.2,9.788,37.58,86.306,
2015,Total,MNE,15 - 64,62.6,217,51.4,,,264,36.2,,47.1,17.8,421.8,
2015,Total,SRB,15 - 24,29.21,129.502,16.6,58.691,45.3,227.846,48.193,20.4,98.343,43.16,779.963,
2015,Total,SRB,15 - 64,63.58,2470.754,51.98,,,3021.834,352.718,,551.08,18.24,4752.842,
2015,Total,SRB,15+,51.59,2574.159,42.48,605.247,23.5,3126.245,353.36,,552.086,17.66,6059.922,
2016,Female,ALB,15 - 24,25.79,34.802,16.8,15.857,45.6,53.409,8.302,27.6,18.606,34.84,207.118,
2016,Female,ALB,15 - 64,58.03,492.916,49.48,,,578.027,58.386,,85.111,14.72,996.13,
2016,Female,BIH,15 - 24,21.26,15.188,8.73,3.274,21.6,36.966,11.698,25.2,21.778,58.91,173.914,
2016,Female,BIH,15 - 64,41.81,279.391,29.03,,,402.324,95.444,,122.933,30.56,962.29,
2016,Female,BIH,15+,32.06,287.561,22.42,79.32,27.6,411.087,96.037,,123.526,30.05,1282.442,
2016,Female,KOS,15 - 24,12.72,7.164,4.41,,,20.682,,,13.517,65.36,162.61,
2016,Female,KOS,15 - 64,18.62,74.362,12.69,,,109.067,22.571,,34.705,31.82,585.89,
2016,Female,KOS,15+,16.3,74.799,11.1,,,109.504,,,34.705,31.7,672.756,
2016,Female,MKD,15 - 24,22.99,15.679,11.78,4.352,28.2,30.603,9.398,25.6,14.924,48.77,133.139,
2016,Female,MKD,15 - 64,50.81,280.623,39.17,,,364.031,65.103,,83.408,22.91,716.454,
2016,Female,MKD,15+,42.31,283.826,32.7,40.549,14.3,367.294,65.164,,83.468,22.73,868.07,
2016,Female,MNE,15 - 24,29.54,8.023,19.31,,,12.274,2.378,18,4.251,34.64,41.553,
2016,Female,MNE,15 - 64,56.6,98.6,46.8,,,119.4,15.6,,19.8,17.4,210.8,
2016,Female,SRB,15 - 24,23.45,52.095,14.18,21.078,40.5,86.147,14.966,18.7,34.052,39.53,367.418,
2016,Female,SRB,15 - 64,58.14,1135.749,48.44,,,1363.234,148.036,,227.484,16.69,2344.623,
2016,Female,SRB,15+,45.44,1187.846,38.13,298.743,25.1,1415.796,148.234,,227.95,16.1,3115.437,
2016,Male,ALB,15 - 24,36.73,54.67,22.89,36.083,66,87.744,18.956,27.2,33.074,37.69,238.885,
2016,Male,ALB,15 - 64,73.92,621.26,61.62,,,745.317,80.513,,124.056,16.64,1008.273,
2016,Male,BIH,15 - 24,38.11,36.003,18.27,10.205,28.3,75.081,26.459,28.5,39.078,52.05,197.018,
2016,Male,BIH,15 - 64,65.97,501.183,50.93,,,649.17,116.164,,147.988,22.8,983.973,
2016,Male,BIH,15+,54.69,513.523,42.37,164.843,32.1,662.869,117.493,,149.346,22.53,1212,
2016,Male,KOS,15 - 24,28.8,27.709,15.2,,,52.524,,,24.815,47.25,182.351,
2016,Male,KOS,15 - 64,58.26,257.399,43,,,348.765,59.943,,91.365,26.2,598.639,
2016,Male,KOS,15+,51.8,259.359,38.3,,,351.218,,,91.859,26.2,677.764,
2016,Male,MKD,15 - 24,39.17,28.813,20.39,9.792,34.4,55.339,18.739,24.4,26.526,47.93,141.295,
2016,Male,MKD,15 - 64,77.79,433.351,58.64,,,574.88,115.817,,141.529,24.62,739.061,
2016,Male,MKD,15+,67.58,439.704,51.12,84.078,19.2,581.279,115.863,,141.574,24.36,860.18,
2016,Male,MNE,15 - 24,35.75,10.022,22.56,,,15.885,3.359,18.7,5.862,36.91,44.434,
2016,Male,MNE,15 - 64,70.2,120.8,57.3,,,148.1,20.7,,27.3,18.5,210.8,
2016,Male,SRB,15 - 24,36.79,97.162,24.95,43.21,44.5,143.257,24.754,17.5,46.095,32.18,389.434,
2016,Male,SRB,15 - 64,73.09,1443.733,61.9,,,1704.786,170.084,,261.053,15.31,2332.327,
2016,Male,SRB,15+,61.79,1531.557,52.77,358.715,23.4,1793.22,170.508,,261.663,14.59,2902.212,
2016,Total,ALB,15 - 24,31.65,89.473,20.06,51.939,58.1,141.153,27.259,27.4,51.68,36.61,446.003,
2016,Total,ALB,15 - 64,66.02,1114.176,55.59,,,1323.343,138.897,,209.167,15.81,2004.402,
2016,Total,BIH,15 - 24,30.21,51.191,13.8,13.479,26.3,112.047,38.156,27,60.856,54.31,370.932,
2016,Total,BIH,15 - 64,54.03,780.574,40.11,,,1051.494,211.608,,270.921,25.77,1946.263,
2016,Total,KOS,15 - 24,21.22,34.873,10.11,,,73.206,,,38.332,52.36,344.961,
2016,Total,KOS,15 - 64,38.65,331.761,28.01,,,457.832,82.514,,126.07,27.54,1184.528,
2016,Total,KOS,15+,34.1,334.158,24.7,,,460.722,,,126.564,27.5,1350.52,
2016,Total,MKD,15 - 24,31.32,44.492,16.21,14.144,32.2,85.942,28.137,25,41.45,48.23,274.434,
2016,Total,MKD,15 - 64,64.51,713.974,49.05,,,938.91,180.921,,224.937,23.96,1455.514,
2016,Total,MNE,15 - 24,32.75,18.045,20.99,,,28.159,5.737,18.4,10.113,35.92,85.987,
2016,Total,MNE,15 - 64,63.4,219.2,52,,,267.5,36.3,,48.2,18,421.8,
2016,Total,SRB,15 - 24,30.31,149.257,19.72,64.288,43.1,229.405,39.721,18.1,80.148,34.94,756.851,
2016,Total,SRB,15 - 64,65.6,2579.482,55.15,,,3068.019,318.119,,488.538,15.92,4676.95,
2016,Total,SRB,15+,53.33,2719.403,45.19,657.458,24.2,3209.016,318.741,,489.613,15.26,6017.648,
2017,Female,ALB,15 - 24,24.52,35.446,17.71,13.764,38.8,49.086,5.287,27.6,13.64,27.79,200.195,
2017,Female,ALB,15 - 64,57.47,498.636,50.16,,,571.278,50.726,,72.642,12.72,994.035,
2017,Female,BIH,15 - 24,23.18,17.51,11.27,5.893,33.7,36.002,10,24.3,18.491,51.36,155.341,
2017,Female,BIH,15 - 64,42.41,294.433,32.3,,,386.491,70.144,,92.058,23.82,911.423,
2017,Female,BIH,15+,32.28,306.779,24.81,80.518,26.2,399.114,70.29,,92.334,23.13,1236.551,
2017,Female,KOS,15 - 24,14.26,8.576,5.2,,,23.522,,,14.946,63.54,164.954,
2017,Female,KOS,15 - 64,19.98,75.515,12.68,,,119.027,,,43.512,36.56,595.722,
2017,Female,KOS,15+,17.2,76.045,10.9,,,119.557,,,43.512,36.4,695.589,
2017,Female,MKD,15 - 24,23.36,15.509,12.01,3.907,25.7,30.165,9.847,26.9,14.656,48.59,129.136,
2017,Female,MKD,15 - 64,51.65,287.823,40.31,,,368.851,63.632,,81.028,21.97,714.108,
2017,Female,MKD,15+,42.72,290.378,33.4,41.473,14.4,371.428,63.632,,81.05,21.82,869.404,
2017,Female,MNE,15 - 24,27.78,7.719,18.59,,,11.531,2.518,17.1,3.813,33.06,41.514,
2017,Female,MNE,15 - 64,56.5,98.5,46.8,,,119,14.3,,19.6,17.2,210.7,
2017,Female,SRB,15 - 24,24.07,55.04,15.33,15.843,28.8,86.447,11.841,17.7,31.407,36.33,359.149,
2017,Female,SRB,15 - 64,59.64,1176.348,50.83,,,1380.205,121.398,,203.857,14.77,2314.223,
2017,Female,SRB,15+,46.29,1229.54,39.68,281.963,22.9,1434.27,121.882,,204.731,14.27,3098.293,
2017,Male,ALB,15 - 24,37.49,60.101,24.86,36.014,59.9,90.623,16.128,25.1,30.521,33.68,241.714,
2017,Male,ALB,15 - 64,75.47,649.176,64.2,,,763.117,73.863,,113.941,14.93,1011.131,
2017,Male,BIH,15 - 24,39.7,42.1,22.58,13.549,32.2,74.003,18.236,24.7,31.904,43.11,186.409,
2017,Male,BIH,15 - 64,65.18,491.66,52.56,,,609.712,84.965,,118.053,19.36,935.401,
2017,Male,BIH,15+,52.69,508.88,42.75,121.959,24,627.224,85.256,,118.344,18.87,1190.458,
2017,Male,KOS,15 - 24,32.31,30.16,16.67,,,58.458,,,28.297,48.41,180.941,
2017,Male,KOS,15 - 64,65.29,281.58,46.59,,,394.651,,,113.07,28.65,604.441,
2017,Male,KOS,15+,57.3,284.096,41,,,397.474,,,113.377,28.5,693.072,
2017,Male,MKD,15 - 24,41.65,31.001,22.6,8.855,29,57.143,19.339,24.4,26.141,45.75,137.189,
2017,Male,MKD,15 - 64,78.44,445.548,60.46,,,577.99,102.535,,132.442,22.91,736.895,
2017,Male,MKD,15+,67.66,450.247,52.28,83.11,18.5,582.755,102.569,,132.508,22.74,861.264,
2017,Male,MNE,15 - 24,34.4,10.609,23.85,,,15.301,3.241,16.3,4.692,30.66,44.474,
2017,Male,MNE,15 - 64,70.5,125.3,59.4,,,148.7,18.5,,23.3,15.7,211,
2017,Male,SRB,15 - 24,36.83,99.354,26.08,36.037,36.3,140.293,19.085,17.5,40.939,29.18,380.894,
2017,Male,SRB,15 - 64,73.81,1471.568,63.86,,,1700.773,140.756,,229.205,13.48,2304.28,
2017,Male,SRB,15+,62.21,1565.119,54.22,323.11,20.6,1795.69,141.562,,230.571,12.84,2886.41,
2017,Total,ALB,15 - 24,31.61,95.547,21.62,49.779,52.1,139.709,21.416,26.2,44.162,31.61,441.91,
2017,Total,ALB,15 - 64,66.55,1147.812,57.24,,,1334.395,124.589,,186.583,13.98,2005.166,
2017,Total,BIH,15 - 24,32.19,59.61,17.44,19.441,32.6,110.005,28.236,24.5,50.395,45.81,341.75,
2017,Total,BIH,15 - 64,53.94,786.092,42.56,,,996.203,155.108,,210.111,21.09,1846.824,
2017,Total,KOS,15 - 24,23.7,38.736,11.2,,,81.98,,,43.243,52.75,345.895,
2017,Total,KOS,15 - 64,42.8,357.095,29.75,,,513.678,,,156.582,30.48,1200.163,
2017,Total,KOS,15+,37.2,360.141,25.9,,,517.031,,,156.889,30.3,1388.661,
2017,Total,MKD,15 - 24,32.78,46.51,17.46,12.762,27.9,87.308,29.186,25.6,40.798,46.73,266.325,
2017,Total,MKD,15 - 64,65.25,733.371,50.54,,,946.841,166.168,,213.471,22.55,1451.004,
2017,Total,MNE,15 - 24,31.2,18.328,21.31,,,26.832,5.759,16.7,8.505,31.7,85.988,
2017,Total,MNE,15 - 64,63.5,223.9,53.1,,,267.7,33.8,,43.8,16.4,421.7,
2017,Total,SRB,15 - 24,30.64,154.394,20.86,51.88,33.6,226.74,30.926,17.6,72.346,31.91,740.042,
2017,Total,SRB,15 - 64,66.71,2647.916,57.33,,,3080.977,262.154,,433.062,14.06,4618.503,
2017,Total,SRB,15+,53.97,2794.659,46.7,605.073,21.7,3229.96,263.444,,435.302,13.48,5984.703,
2018,Female,ALB,15 - 24,27.49,45.487,20.4,23.34,51.3,61.299,7.292,27.8,15.813,25.8,222.994,
2018,Female,ALB,15 - 64,59.61,518.837,52.29,,,591.478,51.262,,72.641,12.28,992.213,
2018,Female,BIH,15 - 24,23.01,20.212,12.55,4.956,24.5,37.057,9.018,21.7,16.846,45.46,161.036,
2018,Female,BIH,15 - 64,41.71,295.388,32.96,,,373.797,59.981,,78.409,20.98,896.159,
2018,Female,BIH,15+,31.37,307.349,24.99,68.671,22.3,385.758,59.981,,78.409,20.33,1229.781,
2018,Female,KOS,15 - 24,14.04,7.951,4.95,,,22.55,,,14.6,64.75,160.625,
2018,Female,KOS,15 - 64,18.45,73.509,12.29,,,110.34,,,36.832,33.38,598.18,
2018,Female,KOS,15+,15.7,74.005,10.5,,,110.883,,,36.879,33.3,704.166,
2018,Female,MKD,15 - 24,22.48,16.031,12.77,1.859,12.2,28.229,7.811,26.2,12.198,43.21,125.575,
2018,Female,MKD,15 - 64,52.18,296.839,41.71,,,371.352,56.684,,74.513,20.07,711.719,
2018,Female,MKD,15+,43.04,300.539,34.49,36.987,12.6,375.052,56.684,,74.513,19.87,871.504,
2018,Female,MNE,15 - 24,26.97,8.512,20.61,,,11.137,1.401,13.7,2.625,23.57,41.296,
2018,Female,MNE,15 - 64,57.2,102.1,48.4,,,120.5,13.2,,17.4,15.3,210.9,
2018,Female,SRB,15 - 24,23.31,55.877,15.84,15.454,27.7,82.219,10.669,17.5,26.342,32.04,352.662,
2018,Female,SRB,15 - 64,60.61,1188.955,52,,,1385.787,115.143,,196.833,14.2,2286.276,
2018,Female,SRB,15+,46.69,1242.075,40.29,256.817,20.7,1439.25,115.225,,197.176,13.7,3082.578,
2018,Male,ALB,15 - 24,43.34,72.952,30.55,45.998,63.1,103.49,15.981,25.5,30.538,29.51,238.782,
2018,Male,ALB,15 - 64,76.73,654.261,66.63,,,753.458,66.2,,99.197,13.17,981.997,
2018,Male,BIH,15 - 24,40.2,47.057,25.95,12.529,26.6,72.899,15.057,22.6,25.842,35.45,181.354,
2018,Male,BIH,15 - 64,65.93,499.783,54.34,,,606.392,79.489,,106.61,17.58,919.776,
2018,Male,BIH,15+,52.93,515.097,43.82,113.437,22,622.143,79.763,,107.047,17.21,1175.414,
2018,Male,KOS,15 - 24,30.07,25.812,14.6,,,53.175,,,27.363,51.46,176.809,
2018,Male,KOS,15 - 64,63.28,271.622,45.26,,,379.763,,,108.14,28.48,600.094,
2018,Male,KOS,15+,54.9,274.146,39.3,,,382.411,,,108.264,28.3,697.147,
2018,Male,MKD,15 - 24,40.63,28.98,21.7,8.312,29.5,54.253,16.235,24.1,25.273,46.58,133.54,
2018,Male,MKD,15 - 64,78.27,451.187,61.41,,,575.074,91.234,,123.887,21.54,734.694,
2018,Male,MKD,15+,67.47,458.491,53.1,84.039,18.4,582.541,91.354,,124.05,21.29,863.448,
2018,Male,MNE,15 - 24,38.33,11.362,25.58,,,17.025,2.836,18.7,5.663,33.26,44.416,
2018,Male,MNE,15 - 64,72.3,129,61,,,152.8,17.8,,23.9,15.6,211.5,
2018,Male,SRB,15 - 24,36.3,97.442,26.02,29.469,30.2,135.923,17.443,16.5,38.481,28.31,374.426,
2018,Male,SRB,15 - 64,75.06,1495.375,65.62,,,1710.551,130.02,,215.177,12.58,2278.766,
2018,Male,SRB,15+,62.86,1589.761,55.34,304.077,19.1,1805.762,130.541,,216.001,11.96,2872.527,
2018,Total,ALB,15 - 24,35.69,118.438,25.65,69.338,58.5,164.789,23.273,26.6,46.351,28.13,461.776,
2018,Total,ALB,15 - 64,68.13,1173.098,59.42,,,1344.936,117.462,,171.838,12.78,1974.209,
2018,Total,BIH,15 - 24,32.11,67.269,19.65,17.485,26,109.956,24.075,22.1,42.687,38.82,342.389,
2018,Total,BIH,15 - 64,53.98,795.17,43.79,,,980.189,139.47,,185.019,18.88,1815.935,
2018,Total,KOS,15 - 24,22.44,33.763,10.01,,,75.725,,,41.963,55.41,337.434,
2018,Total,KOS,15 - 64,40.9,345.131,28.8,,,490.103,,,144.972,29.58,1198.274,
2018,Total,KOS,15+,35.2,348.151,24.8,,,493.294,,,145.143,29.4,1401.313,
2018,Total,MKD,15 - 24,31.83,45.011,17.37,10.171,23.5,82.482,24.046,25.1,37.471,45.43,259.115,
2018,Total,MKD,15 - 64,65.43,748.025,51.72,,,946.426,147.918,,198.4,20.96,1446.413,
2018,Total,MNE,15 - 24,32.86,19.874,23.19,,,28.162,4.237,16.3,8.288,29.43,85.712,
2018,Total,MNE,15 - 64,64.7,231.1,54.7,,,273.5,31.8,,42.3,15.5,422.4,
2018,Total,SRB,15 - 24,30,153.319,21.09,44.923,29.3,218.142,28.114,17,64.823,29.72,727.088,
2018,Total,SRB,15 - 64,67.83,2684.329,58.8,,,3096.339,245.163,,412.009,13.31,4565.042,
2018,Total,SRB,15+,54.49,2831.836,47.55,560.894,19.8,3245.013,245.767,,413.177,12.73,5955.105,
2019,Female,ALB,15 - 24,30,49.519,22.25,29.163,58.9,66.783,6.2,25.5,17.264,25.85,222.585,
2019,Female,ALB,15 - 64,61.52,538.428,54.31,,,609.916,46.544,,71.488,11.72,991.364,
